{
    "mse": 0.46705913077389083,
    "mae": 0.5450205893831352,
    "r2_score": 0.24496629528848157,
    "accuracy": 0.24496629528848157
}